Day,Price
1,25.000000
2,30.420000
3,25.920000
4,23.100000
5,20.000000
6,16.629999
7,17.520000
8,17.900000
9,18.070000
10,18.639999
11,20.150000
12,21.500000
13,21.299999
14,22.250000
15,21.850000
16,20.900000
17,21.250000
18,21.559999
19,21.500000
20,21.180000
21,20.900000
22,20.879999
23,20.440001
24,20.969999
25,21.950001
26,22.180000
27,21.549999
28,20.160000
29,19.980000
30,19.650000
31,18.879999
32,17.900000
33,18.450001
34,18.799999
35,19.400000
36,19.590000
37,19.250000
38,19.110001
39,20.389999
40,19.709999
41,19.980000
42,20.270000
43,19.870001
44,20.190001
45,19.790001
46,20.690001
47,21.240000
48,21.299999
49,21.000000
50,20.950001
51,21.049999
52,20.930000
53,20.900000
54,21.600000
55,22.000000
56,23.160000
57,21.320000
58,21.350000
59,21.549999
60,20.950001
61,20.139999
62,20.190001
63,20.809999
64,21.490000
65,22.030001
66,22.150000
67,20.750000
68,21.170000
69,21.280001
70,21.260000
71,20.639999
72,20.790001
73,20.700001
74,20.280001
75,20.850000
76,21.030001
77,20.900000
78,20.639999
79,20.410000
80,20.690001
81,20.950001
82,20.930000
83,20.980000
84,21.870001
85,21.379999
86,21.500000
87,21.850000
88,22.750000
89,21.879999
90,22.500000
91,25.330000
92,24.969999
93,25.000000
94,25.690001
95,29.969999
96,29.100000
97,30.500000
98,32.939999
99,31.400000
100,30.750000
101,30.740000
102,31.370001
103,33.450001
104,35.680000
105,35.970001
106,36.000000
107,35.950001
108,35.330002
109,36.419998
110,34.299999
111,32.250000
112,31.450001
113,32.400002
114,32.490002
115,32.720001
116,32.919998
117,31.770000
118,30.389999
119,29.969999
120,30.910000
121,31.540001
122,32.189999
123,32.689999
124,32.860001
125,32.480000
126,28.580000
127,26.750000
128,28.010000
129,27.900000
130,27.250000
131,27.000000
132,26.950001
133,26.900000
134,28.000000
135,28.580000
136,28.680000
137,28.709999
138,27.400000
139,26.969999
140,26.580000
141,25.639999
142,25.469999
143,24.450001
144,23.590000
145,24.809999
146,24.889999
147,24.879999
148,25.080000
149,24.879999
150,24.120001
151,24.730000
152,24.180000
153,23.900000
154,23.670000
155,23.260000
156,25.250000
157,24.180000
158,23.639999
159,23.750000
160,24.139999
161,23.170000
162,24.969999
163,25.490000
164,23.490000
165,23.000000
166,22.500000
167,22.580000
168,23.850000
169,24.100000
170,24.320000
171,24.280001
172,24.790001
173,24.990000
174,25.400000
175,24.959999
176,24.990000
177,24.490000
178,24.250000
179,24.000000
180,22.959999
181,23.250000
182,23.430000
183,23.190001
184,23.049999
185,22.860001
186,22.270000
187,22.379999
188,23.000000
189,23.540001
190,24.000000
191,24.490000
192,28.709999
193,28.180000
194,27.000000
195,27.000000
196,27.010000
197,27.940001
198,27.600000
199,26.530001
200,25.209999
201,25.690001
202,25.280001
203,26.180000
204,25.620001
205,25.260000
206,26.090000
207,26.980000
208,26.730000
209,27.250000
210,27.360001
211,27.690001
212,27.870001
213,27.799999
214,27.389999
215,27.000000
216,27.440001
217,27.700001
218,28.000000
219,28.950001
220,28.299999
221,27.740000
222,28.190001
223,27.990000
224,27.000000
225,26.469999
226,28.440001
227,28.280001
228,27.620001
229,27.500000
230,29.010000
231,29.760000
232,29.670000
233,30.280001
234,30.100000
235,29.320000
236,31.500000
237,30.129999
238,29.389999
239,28.600000
240,28.100000
241,28.299999
242,28.879999
243,29.700001
244,28.450001
245,28.000000
246,27.700001
247,26.459999
248,27.730000
249,28.250000
250,27.719999
251,27.969999
252,28.280001
253,28.250000
254,29.090000
255,29.330000
256,29.600000
257,29.520000
258,29.139999
259,30.000000
260,29.889999
261,28.530001
262,29.090000
263,29.030001
264,28.959999
265,27.830000
266,27.450001
267,28.110001
268,30.440001
269,29.160000
270,29.540001
271,29.250000
272,28.770000
273,28.500000
274,28.549999
275,28.400000
276,28.980000
277,29.200001
278,27.830000
279,26.889999
280,25.379999
281,24.440001
282,25.450001
283,25.440001
284,25.750000
285,27.139999
286,26.750000
287,26.540001
288,26.650000
289,25.150000
290,24.219999
291,23.799999
292,23.110001
293,23.930000
294,23.870001
295,23.950001
296,24.850000
297,24.770000
298,25.500000
299,24.870001
300,23.990000
301,23.200001
302,24.000000
303,24.030001
304,23.570000
305,23.309999
306,24.100000
307,24.840000
308,24.930000
309,25.840000
310,25.809999
311,26.600000
312,26.950001
313,26.110001
314,26.620001
315,26.520000
316,26.990000
317,26.500000
318,25.820000
319,24.889999
320,25.000000
321,24.320000
322,25.840000
323,27.600000
324,27.600000
325,28.180000
326,27.770000
327,28.000000
328,28.469999
329,28.549999
330,28.000000
331,28.430000
332,28.059999
333,27.469999
334,28.299999
335,28.889999
336,28.860001
337,28.370001
338,28.950001
339,30.000000
340,29.510000
341,28.920000
342,29.260000
343,32.490002
344,32.400002
345,32.000000
346,32.000000
347,31.490000
348,31.500000
349,34.500000
350,33.540001
351,34.400002
352,35.000000
353,34.900002
354,34.110001
355,32.439999
356,32.790001
357,32.049999
358,32.410000
359,33.279999
360,33.070000
361,32.930000
362,33.990002
363,33.689999
364,35.000000
365,34.980000
366,34.889999
367,31.650000
368,31.120001
369,30.620001
370,30.930000
371,29.680000
372,29.170000
373,28.930000
374,28.500000
375,28.450001
376,28.070000
377,28.049999
378,28.000000
379,28.770000
380,29.240000
381,29.340000
382,28.980000
383,29.500000
384,28.670000
385,27.930000
386,27.790001
387,27.490000
388,27.760000
389,28.379999
390,28.620001
391,28.500000
392,27.340000
393,26.879999
394,27.740000
395,27.000000
396,27.209999
397,27.680000
398,28.010000
399,29.580000
400,29.719999
401,29.610001
402,30.000000
403,29.700001
404,30.879999
405,31.330000
406,31.900000
407,31.799999
408,32.009998
409,32.900002
410,32.270000
411,32.060001
412,33.790001
413,34.410000
414,34.509998
415,34.970001
416,34.869999
417,34.720001
418,34.970001
419,34.520000
420,34.000000
421,34.439999
422,34.119999
423,34.500000
424,34.500000
425,34.400002
426,33.279999
427,33.310001
428,33.490002
429,35.310001
430,36.290001
431,36.590000
432,36.000000
433,35.480000
434,35.889999
435,35.320000
436,35.200001
437,35.299999
438,35.150002
439,34.630001
440,38.090000
441,39.950001
442,38.439999
443,38.189999
444,37.939999
445,37.970001
446,38.470001
447,35.490002
448,35.439999
449,34.290001
450,33.849998
451,33.290001
452,34.480000
453,34.040001
454,33.700001
455,33.070000
456,32.750000
457,33.430000
458,33.730000
459,32.970001
460,32.200001
461,32.990002
462,33.520000
463,33.630001
464,33.360001
465,34.209999
466,34.389999
467,34.000000
468,32.459999
469,32.580002
470,32.730000
471,30.770000
472,34.680000
473,33.439999
474,32.130001
475,30.959999
476,30.180000
477,29.790001
478,28.459999
479,29.260000
480,31.340000
481,31.049999
482,31.250000
483,30.410000
484,31.930000
485,31.420000
486,30.290001
487,29.160000
488,28.410000
489,28.389999
490,29.450001
491,29.870001
492,30.190001
493,31.000000
494,29.840000
495,30.639999
496,30.650000
497,29.950001
498,32.330002
499,32.660000
500,34.500000
501,34.279999
502,33.980000
503,34.119999
504,32.349998
505,32.450001
506,32.110001
507,32.799999
508,31.799999
509,31.000000
510,31.670000
511,31.730000
512,31.830000
513,32.480000
514,31.680000
515,33.009998
516,34.400002
517,36.000000
518,35.209999
519,33.669998
520,33.150002
521,32.250000
522,31.299999
523,31.040001
524,29.980000
525,30.000000
526,29.660000
527,30.250000
528,27.969999
529,27.990000
530,26.850000
531,27.549999
532,28.700001
533,30.900000
534,30.000000
535,30.000000
536,29.940001
537,31.299999
538,31.170000
539,29.700001
540,30.389999
541,30.709999
542,30.389999
543,30.000000
544,30.040001
545,30.850000
546,30.240000
547,29.700001
548,29.379999
549,28.639999
550,28.740000
551,28.840000
552,28.990000
553,28.500000
554,28.900000
555,29.570000
556,29.350000
557,28.160000
558,28.580000
559,29.500000
560,30.650000
561,32.779999
562,31.900000
563,31.740000
564,31.500000
565,31.490000
566,31.030001
567,29.480000
568,28.400000
569,28.540001
570,29.889999
571,29.889999
572,29.889999
573,29.950001
574,30.100000
575,29.809999
576,29.400000
577,29.120001
578,28.719999
579,28.980000
580,28.730000
581,28.049999
582,28.090000
583,28.840000
584,28.990000
585,28.200001
586,28.000000
587,28.559999
588,28.520000
589,27.799999
590,27.799999
591,28.350000
592,29.490000
593,29.549999
594,31.580000
595,31.200001
596,32.049999
597,31.879999
598,30.930000
599,31.420000
600,32.000000
601,32.119999
602,31.440001
603,32.000000
604,33.250000
605,33.099998
606,33.470001
607,32.830002
608,32.299999
609,32.660000
610,34.290001
611,34.000000
612,34.279999
613,35.000000
614,34.799999
615,34.189999
616,34.799999
617,34.490002
618,34.799999
619,35.500000
620,35.799999
621,35.299999
622,34.400002
623,34.500000
624,35.070000
625,35.259998
626,34.790001
627,34.169998
628,34.349998
629,34.500000
630,33.910000
631,33.650002
632,33.970001
633,35.450001
634,35.450001
635,34.799999
636,34.799999
637,34.500000
638,34.189999
639,33.990002
640,34.040001
641,33.380001
642,34.250000
643,34.230000
644,34.849998
645,34.779999
646,35.549999
647,36.240002
648,37.720001
649,37.540001
650,38.709999
651,38.439999
652,38.000000
653,37.869999
654,38.500000
655,38.419998
656,38.650002
657,39.389999
658,39.680000
659,40.000000
660,39.150002
661,38.869999
662,39.000000
663,38.750000
664,38.509998
665,39.290001
666,39.650002
667,37.389999
668,36.389999
669,36.750000
670,34.959999
671,35.410000
672,36.099998
673,35.080002
674,35.830002
675,36.919998
676,37.880001
677,38.650002
678,39.439999
679,39.439999
680,39.380001
681,39.490002
682,38.910000
683,36.650002
684,36.060001
685,35.599998
686,36.070000
687,37.060001
688,36.799999
689,38.520000
690,38.220001
691,38.380001
692,38.240002
693,46.680000
694,45.500000
695,43.470001
696,42.250000
697,42.000000
698,42.549999
699,41.830002
700,42.009998
701,44.549999
702,45.139999
703,43.799999
704,46.139999
705,45.950001
706,47.599998
707,49.880001
708,50.200001
709,52.919998
710,51.049999
711,52.400002
712,53.740002
713,54.990002
714,58.180000
715,55.990002
716,55.270000
717,56.470001
718,59.660000
719,62.369999
720,58.200001
721,75.769997
722,81.000000
723,88.000000
724,97.120003
725,86.879997
726,95.000000
727,94.440002
728,92.500000
729,89.989998
730,90.959999
731,93.010002
732,97.949997
733,110.750000
734,114.900002
735,109.540001
736,106.440002
737,97.620003
738,96.419998
739,97.970001
740,99.269997
741,102.900002
742,102.519997
743,98.680000
744,100.480003
745,99.279999
746,102.519997
747,104.750000
748,103.980003
749,106.669998
750,107.129997
751,103.699997
752,102.870003
753,104.199997
754,105.870003
755,110.250000
756,109.440002
757,117.769997
758,121.889999
759,119.250000
760,120.279999
761,122.180000
762,125.320000
763,123.250000
764,126.089996
765,129.940002
766,133.259995
767,126.320000
768,121.620003
769,122.730003
770,120.550003
771,126.680000
772,125.559998
773,124.500000
774,124.750000
775,130.679993
776,135.369995
777,137.490005
778,134.970001
779,136.520004
780,138.250000
781,144.889999
782,145.729996
783,141.949997
784,158.880005
785,155.949997
786,150.500000
787,149.839996
788,144.839996
789,143.600006
790,143.910004
791,147.380005
792,149.779999
793,150.309998
794,157.479996
795,162.300003
796,173.000000
797,168.800003
798,171.500000
799,167.750000
800,169.210007
801,173.699997
802,171.619995
803,171.500000
804,169.699997
805,164.500000
806,167.500000
807,167.899994
808,166.759995
809,166.369995
810,170.850006
811,168.419998
812,167.449997
813,180.470001
814,185.830002
815,185.479996
816,184.960007
817,186.300003
818,189.679993
819,191.279999
820,194.500000
821,194.229996
822,191.830002
823,179.690002
824,181.179993
825,186.729996
826,185.929993
827,174.990005
828,175.750000
829,179.289993
830,182.500000
831,188.789993
832,187.300003
833,184.800003
834,185.960007
835,183.389999
836,177.779999
837,171.809998
838,174.500000
839,174.500000
840,170.500000
841,165.449997
842,167.679993
843,162.440002
844,165.899994
845,175.389999
846,181.429993
847,160.729996
848,145.649994
849,140.600006
850,145.419998
851,144.699997
852,142.369995
853,140.399994
854,137.949997
855,135.449997
856,129.000000
857,127.449997
858,124.790001
859,122.750000
860,125.839996
861,122.720001
862,126.949997
863,130.589996
864,128.550003
865,144.940002
866,144.429993
867,143.350006
868,142.490005
869,141.699997
870,145.869995
871,143.050003
872,148.240005
873,151.800003
874,150.429993
875,154.630005
876,154.899994
877,147.000000
878,144.350006
879,146.240005
880,154.970001
881,158.000000
882,155.500000
883,154.809998
884,153.199997
885,152.479996
886,152.190002
887,150.399994
888,150.399994
889,153.699997
890,153.429993
891,148.899994
892,147.000000
893,162.000000
894,172.229996
895,172.699997
896,173.199997
897,177.289993
898,180.320007
899,182.380005
900,180.479996
901,177.919998
902,178.979996
903,179.089996
904,184.779999
905,186.000000
906,184.880005
907,181.600006
908,180.589996
909,180.110001
910,186.630005
911,199.300003
912,202.199997
913,198.270004
914,202.720001
915,201.880005
916,206.000000
917,203.699997
918,215.210007
919,213.979996
920,218.360001
921,259.200012
922,265.000000
923,261.899994
924,252.679993
925,251.649994
926,260.000000
927,256.989990
928,257.500000
929,254.850006
930,243.000000
931,244.600006
932,247.500000
933,244.190002
934,236.940002
935,237.929993
936,241.500000
937,241.550003
938,239.250000
939,236.199997
940,229.899994
941,227.050003
942,222.600006
943,213.600006
944,216.720001
945,216.750000
946,218.160004
947,230.889999
948,235.729996
949,228.270004
950,216.199997
951,216.490005
952,218.449997
953,217.500000
954,207.000000
955,208.440002
956,199.289993
957,199.990005
958,202.289993
959,206.199997
960,219.330002
961,216.740005
962,212.800003
963,206.699997
964,203.789993
965,207.149994
966,208.160004
967,214.020004
968,211.360001
969,217.690002
970,218.660004
971,210.199997
972,194.399994
973,183.399994
974,187.190002
975,191.339996
976,193.479996
977,192.660004
978,192.039993
979,196.889999
980,199.330002
981,199.869995
982,206.880005
983,207.759995
984,213.869995
985,212.770004
986,212.490005
987,214.800003
988,209.350006
989,208.000000
990,206.259995
991,209.199997
992,210.809998
993,209.990005
994,206.970001
995,205.000000
996,209.880005
997,206.789993
998,225.490005
999,235.539993
1000,231.710007
1001,235.309998
1002,231.289993
1003,238.990005
1004,241.880005
1005,237.550003
1006,240.399994
1007,240.000000
1008,244.490005
1009,243.440002
1010,242.330002
1011,231.899994
1012,229.779999
1013,220.960007
1014,224.220001
1015,222.220001
1016,221.600006
1017,228.789993
1018,227.649994
1019,224.800003
1020,220.550003
1021,221.210007
1022,223.210007
1023,223.300003
1024,224.750000
1025,225.100006
1026,226.970001
1027,232.000000
1028,228.300003
1029,229.600006
1030,231.399994
1031,237.500000
1032,240.500000
1033,242.990005
1034,251.419998
1035,256.690002
1036,251.759995
1037,263.739990
1038,260.299988
1039,265.640015
1040,263.000000
1041,262.089996
1042,267.260010
1043,259.329987
1044,258.739990
1045,258.799988
1046,256.950012
1047,263.679993
1048,265.500000
1049,264.239990
1050,264.480011
1051,272.000000
1052,284.890015
1053,288.000000
1054,291.420013
1055,282.899994
1056,284.880005
1057,285.489990
1058,281.410004
1059,284.790009
1060,282.390015
1061,274.399994
1062,262.459991
1063,264.700012
1064,265.600006
1065,261.429993
1066,256.019989
1067,253.800003
1068,252.839996
1069,254.960007
1070,249.729996
1071,248.639999
1072,247.649994
1073,242.660004
1074,252.789993
1075,256.500000
1076,262.489990
1077,261.459991
1078,262.880005
1079,265.540009
1080,245.889999
1081,238.960007
1082,232.470001
1083,230.990005
1084,229.919998
1085,234.770004
1086,232.399994
1087,235.389999
1088,237.389999
1089,236.279999
1090,237.800003
1091,234.610001
1092,244.600006
1093,241.500000
1094,240.500000
1095,243.119995
1096,247.559998
1097,242.350006
1098,241.360001
1099,246.690002
1100,242.839996
1101,242.880005
1102,251.820007
1103,252.339996
1104,255.750000
1105,258.850006
1106,259.000000
1107,259.989990
1108,251.880005
1109,250.929993
1110,252.779999
1111,247.600006
1112,249.720001
1113,249.000000
1114,246.690002
1115,242.470001
1116,234.880005
1117,229.720001
1118,230.899994
1119,229.389999
1120,224.860001
1121,217.729996
1122,216.770004
1123,215.429993
1124,211.679993
1125,209.800003
1126,203.679993
1127,206.649994
1128,218.440002
1129,220.399994
1130,224.059998
1131,224.320007
1132,222.500000
1133,228.500000
1134,227.910004
1135,225.649994
1136,225.679993
1137,223.250000
1138,216.500000
1139,214.199997
1140,214.779999
1141,213.800003
1142,209.979996
1143,204.470001
1144,207.610001
1145,195.199997
1146,195.750000
1147,194.490005
1148,194.119995
1149,198.679993
1150,203.240005
1151,203.500000
1152,208.619995
1153,208.029999
1154,206.369995
1155,205.979996
1156,207.470001
1157,211.949997
1158,220.369995
1159,221.479996
1160,225.479996
1161,223.399994
1162,217.929993
1163,220.500000
1164,214.740005
1165,203.089996
1166,205.990005
1167,205.699997
1168,206.169998
1169,212.440002
1170,217.600006
1171,218.199997
1172,207.289993
1173,207.139999
1174,211.089996
1175,208.550003
1176,203.339996
1177,200.240005
1178,202.520004
1179,206.190002
1180,200.750000
1181,194.490005
1182,193.500000
1183,196.179993
1184,194.449997
1185,191.750000
1186,195.910004
1187,198.710007
1188,200.880005
1189,204.589996
1190,198.990005
1191,200.500000
1192,203.789993
1193,198.589996
1194,194.789993
1195,189.289993
1196,192.250000
1197,193.759995
1198,192.300003
1199,193.229996
1200,207.750000
1201,205.059998
1202,210.899994
1203,210.369995
1204,211.649994
1205,213.000000
1206,209.490005
1207,209.589996
1208,209.169998
1209,206.880005
1210,207.850006
1211,210.750000
1212,221.880005
1213,221.479996
1214,220.800003
1215,238.750000
1216,235.500000
1217,234.970001
1218,232.889999
1219,231.770004
1220,234.729996
1221,239.500000
1222,234.470001
1223,237.479996
1224,238.410004
1225,242.880005
1226,246.350006
1227,248.300003
1228,244.889999
1229,249.399994
1230,249.899994
1231,251.000000
1232,247.740005
1233,246.619995
1234,248.600006
1235,252.000000
1236,249.500000
1237,251.800003
1238,252.869995
1239,251.600006
1240,249.399994
1241,250.720001
1242,249.300003
1243,249.699997
1244,258.750000
1245,257.739990
1246,254.000000
1247,254.369995
1248,253.460007
1249,251.279999
1250,253.440002
1251,264.359985
1252,263.459991
1253,263.799988
1254,264.399994
1255,268.000000
1256,267.350006
1257,271.410004
1258,269.109985
1259,265.950012
1260,270.920013
1261,272.619995
1262,282.450012
1263,281.690002
1264,275.200012
1265,260.799988
1266,262.950012
1267,263.000000
1268,262.549988
1269,265.989990
1270,267.489990
1271,267.200012
1272,275.540009
1273,286.649994
1274,273.500000
1275,269.440002
1276,269.899994
1277,271.089996
1278,264.429993
1279,265.399994
1280,267.890015
1281,266.940002
1282,269.359985
1283,266.709991
1284,266.720001
1285,271.000000
1286,255.000000
1287,243.729996
1288,242.970001
1289,239.300003
1290,239.770004
1291,246.479996
1292,247.929993
1293,256.589996
1294,260.950012
1295,260.649994
1296,254.559998
1297,243.800003
1298,231.399994
1299,230.899994
1300,228.000000
1301,244.750000
1302,251.449997
1303,254.949997
1304,246.000000
1305,247.880005
1306,252.080002
1307,244.089996
1308,249.160004
1309,254.250000
1310,250.720001
1311,250.240005
1312,254.250000
1313,254.600006
1314,262.880005
1315,265.500000
1316,263.820007
1317,271.570007
1318,262.649994
1319,262.079987
1320,263.450012
1321,266.910004
1322,259.790009
1323,254.729996
1324,252.399994
1325,248.500000
1326,247.699997
1327,249.839996
1328,243.029999
1329,237.699997
1330,230.720001
1331,224.369995
1332,223.000000
1333,222.520004
1334,220.949997
1335,221.729996
1336,230.479996
1337,231.149994
1338,228.600006
1339,214.809998
1340,215.750000
1341,215.350006
1342,215.880005
1343,217.100006
1344,213.449997
1345,213.750000
1346,211.630005
1347,215.800003
1348,214.440002
1349,232.740005
1350,234.580002
1351,233.360001
1352,232.990005
1353,223.699997
1354,219.479996
1355,219.000000
1356,212.990005
1357,214.979996
1358,216.000000
1359,221.380005
1360,226.190002
1361,225.000000
1362,219.179993
1363,221.000000
1364,230.830002
1365,232.250000
1366,234.279999
1367,238.000000
1368,238.600006
1369,237.449997
1370,233.270004
1371,235.630005
1372,228.800003
1373,227.500000
1374,228.490005
1375,225.750000
1376,220.919998
1377,222.220001
1378,234.880005
1379,237.759995
1380,235.899994
1381,235.830002
1382,236.550003
1383,233.449997
1384,231.880005
1385,231.979996
1386,237.720001
1387,243.630005
1388,243.449997
1389,231.380005
1390,226.889999
1391,220.050003
1392,218.440002
1393,220.440002
1394,214.449997
1395,213.740005
1396,212.649994
1397,210.000000
1398,205.070007
1399,210.470001
1400,201.279999
1401,203.229996
1402,205.500000
1403,203.570007
1404,197.820007
1405,193.259995
1406,191.279999
1407,193.740005
1408,199.520004
1409,193.119995
1410,183.940002
1411,175.979996
1412,173.000000
1413,157.149994
1414,159.789993
1415,154.970001
1416,163.259995
1417,157.009995
1418,162.949997
1419,169.339996
1420,172.949997
1421,167.490005
1422,178.910004
1423,181.729996
1424,179.500000
1425,188.520004
1426,192.000000
1427,196.350006
1428,195.949997
1429,188.520004
1430,197.419998
1431,204.029999
1432,209.699997
1433,207.500000
1434,209.369995
1435,213.289993
1436,209.419998
1437,216.720001
1438,218.970001
1439,222.580002
1440,228.500000
1441,234.479996
1442,239.880005
1443,238.990005
1444,234.729996
1445,228.889999
1446,234.809998
1447,232.380005
1448,235.500000
1449,237.419998
1450,247.899994
1451,252.119995
1452,256.559998
1453,267.739990
1454,269.339996
1455,260.820007
1456,258.989990
1457,251.800003
1458,255.500000
1459,256.839996
1460,254.600006
1461,258.309998
1462,254.369995
1463,253.660004
1464,250.899994
1465,254.000000
1466,257.380005
1467,255.729996
1468,255.000000
1469,253.429993
1470,248.429993
1471,243.190002
1472,238.910004
1473,234.460007
1474,228.639999
1475,216.369995
1476,216.149994
1477,209.470001
1478,215.479996
1479,211.669998
1480,211.199997
1481,213.149994
1482,209.820007
1483,215.309998
1484,216.789993
1485,220.550003
1486,222.600006
1487,218.740005
1488,221.360001
1489,225.259995
1490,225.929993
1491,224.750000
1492,222.399994
1493,219.910004
1494,221.940002
1495,220.899994
1496,234.440002
1497,240.850006
1498,235.330002
1499,227.970001
1500,225.770004
1501,222.199997
1502,221.899994
1503,218.039993
1504,219.990005
1505,223.750000
1506,222.570007
1507,205.949997
1508,197.550003
1509,195.119995
1510,198.809998
1511,204.050003
1512,211.779999
1513,213.500000
1514,218.240005
1515,214.539993
1516,215.229996
1517,218.119995
1518,219.809998
1519,226.779999
1520,227.500000
1521,225.589996
1522,224.940002
1523,222.750000
1524,227.089996
1525,229.100006
1526,229.800003
1527,227.850006
1528,224.500000
1529,231.389999
1530,230.000000
1531,233.360001
1532,230.759995
1533,235.279999
1534,236.630005
1535,229.869995
1536,229.699997
1537,230.860001
1538,232.000000
1539,229.600006
1540,231.539993
1541,229.869995
1542,227.570007
1543,226.649994
1544,229.500000
1545,227.190002
1546,224.830002
1547,225.660004
1548,225.169998
1549,225.110001
1550,228.490005
1551,227.149994
1552,223.800003
1553,222.860001
1554,220.399994
1555,216.110001
1556,212.600006
1557,211.100006
1558,203.199997
1559,203.250000
1560,206.500000
1561,199.889999
1562,199.919998
1563,201.369995
1564,198.490005
1565,197.919998
1566,202.520004
1567,205.699997
1568,209.429993
1569,207.750000
1570,207.000000
1571,207.279999
1572,210.179993
1573,211.000000
1574,209.979996
1575,208.250000
1576,207.330002
1577,204.979996
1578,215.669998
1579,213.320007
1580,213.149994
1581,204.210007
1582,201.320007
1583,204.139999
1584,202.199997
1585,203.880005
1586,200.899994
1587,201.429993
1588,198.389999
1589,199.470001
1590,206.660004
1591,203.000000
1592,201.570007
1593,203.949997
1594,204.690002
1595,203.190002
1596,213.699997
1597,205.320007
1598,202.490005
1599,198.500000
1600,192.699997
1601,191.470001
1602,193.460007
1603,194.289993
1604,197.490005
1605,192.000000
1606,191.610001
1607,188.880005
1608,188.250000
1609,186.429993
1610,184.729996
1611,189.490005
1612,193.000000
1613,188.889999
1614,191.470001
1615,195.639999
1616,197.240005
1617,199.350006
1618,196.729996
1619,191.889999
1620,188.529999
1621,184.880005
1622,188.889999
1623,186.580002
1624,193.399994
1625,192.500000
1626,193.839996
1627,194.419998
1628,201.279999
1629,203.000000
1630,200.740005
1631,202.589996
1632,204.449997
1633,209.000000
1634,212.229996
1635,209.990005
1636,213.449997
1637,222.250000
1638,223.800003
1639,219.199997
1640,217.500000
1641,220.330002
1642,228.000000
1643,227.479996
1644,230.309998
1645,231.919998
1646,232.000000
1647,229.979996
1648,230.699997
1649,237.850006
1650,239.960007
1651,239.710007
1652,248.679993
1653,246.000000
1654,250.889999
1655,254.800003
1656,258.459991
1657,255.740005
1658,253.000000
1659,255.289993
1660,255.889999
1661,253.199997
1662,252.419998
1663,252.179993
1664,257.820007
1665,260.000000
1666,263.359985
1667,271.179993
1668,270.950012
1669,280.790009
1670,287.390015
1671,282.239990
1672,280.000000
1673,272.890015
1674,281.399994
1675,283.450012
1676,264.660004
1677,258.250000
1678,248.360001
1679,251.000000
1680,254.850006
1681,253.279999
1682,251.899994
1683,251.699997
1684,253.889999
1685,250.070007
1686,248.660004
1687,246.500000
1688,246.850006
1689,258.119995
1690,261.000000
1691,265.750000
1692,265.329987
1693,264.549988
1694,264.799988
1695,255.070007
1696,257.670013
1697,263.890015
1698,270.570007
1699,280.679993
1700,279.600006
1701,282.000000
1702,279.679993
1703,299.000000
1704,304.809998
1705,304.880005
1706,301.940002
1707,302.690002
1708,313.730011
1709,313.470001
1710,308.450012
1711,307.390015
1712,304.000000
1713,300.839996
1714,306.619995
1715,309.149994
1716,306.399994
1717,310.549988
1718,313.980011
1719,314.500000
1720,313.089996
1721,314.799988
1722,327.250000
1723,327.660004
1724,321.529999
1725,307.769989
1726,308.549988
1727,313.790009
1728,321.989990
1729,325.500000
1730,326.000000
1731,327.000000
1732,320.200012
1733,320.059998
1734,314.630005
1735,313.940002
1736,316.500000
1737,314.369995
1738,310.730011
1739,311.000000
1740,316.970001
1741,325.489990
1742,336.279999
1743,342.890015
1744,344.880005
1745,342.880005
1746,348.440002
1747,359.489990
1748,360.500000
1749,371.899994
1750,376.869995
1751,364.500000
1752,376.000000
1753,384.250000
1754,375.459991
1755,378.010010
1756,376.700012
1757,378.880005
1758,376.989990
1759,385.000000
1760,386.989990
1761,386.950012
1762,376.399994
1763,371.739990
1764,371.000000
1765,366.769989
1766,371.350006
1767,347.239990
1768,320.790009
1769,317.000000
1770,317.940002
1771,327.279999
1772,333.100006
1773,331.600006
1774,328.420013
1775,327.100006
1776,329.130005
1777,331.649994
1778,330.220001
1779,331.260010
1780,343.399994
1781,345.600006
1782,345.500000
1783,347.500000
1784,339.600006
1785,341.489990
1786,324.450012
1787,327.119995
1788,350.000000
1789,357.269989
1790,359.480011
1791,368.579987
1792,370.000000
1793,366.649994
1794,361.260010
1795,367.660004
1796,365.489990
1797,366.500000
1798,363.299988
1799,354.000000
1800,345.820007
1801,342.239990
1802,353.489990
1803,356.660004
1804,355.690002
1805,347.350006
1806,349.049988
1807,353.470001
1808,358.440002
1809,357.589996
1810,355.489990
1811,350.980011
1812,352.480011
1813,349.779999
1814,363.709991
1815,368.760010
1816,368.070007
1817,377.959991
1818,380.000000
1819,389.609985
1820,382.390015
1821,378.250000
1822,376.829987
1823,369.899994
1824,357.470001
1825,351.239990
1826,351.489990
1827,342.750000
1828,344.679993
1829,343.700012
1830,348.549988
1831,358.619995
1832,357.440002
1833,360.100006
1834,351.750000
1835,355.630005
1836,357.600006
1837,359.779999
1838,358.489990
1839,354.480011
1840,356.220001
1841,363.000000
1842,357.149994
1843,354.549988
1844,349.950012
1845,342.799988
1846,337.500000
1847,330.230011
1848,324.589996
1849,323.779999
1850,331.950012
1851,332.609985
1852,308.690002
1853,306.250000
1854,307.500000
1855,306.500000
1856,306.890015
1857,304.459991
1858,308.359985
1859,316.799988
1860,316.350006
1861,312.489990
1862,318.140015
1863,326.670013
1864,315.500000
1865,318.230011
1866,317.420013
1867,316.410004
1868,317.339996
1869,320.000000
1870,318.000000
1871,310.700012
1872,310.320007
1873,308.269989
1874,308.000000
1875,313.390015
1876,318.630005
1877,316.980011
1878,329.010010
1879,341.440002
1880,344.220001
1881,347.440002
1882,343.899994
1883,346.730011
1884,341.489990
1885,333.100006
1886,333.739990
1887,330.920013
1888,323.940002
1889,317.679993
1890,315.820007
1891,316.410004
1892,322.109985
1893,325.250000
1894,318.549988
1895,317.239990
1896,337.019989
1897,338.799988
1898,337.000000
1899,344.809998
1900,340.410004
1901,345.000000
1902,349.000000
1903,352.299988
1904,350.589996
1905,357.829987
1906,360.500000
1907,354.750000
1908,349.200012
1909,344.000000
1910,350.850006
1911,348.269989
1912,356.190002
1913,359.660004
1914,351.950012
1915,344.470001
1916,336.220001
1917,346.000000
1918,348.619995
1919,320.980011
1920,318.079987
1921,324.190002
1922,326.170013
1923,334.119995
1924,343.119995
1925,340.839996
1926,339.690002
1927,347.440002
1928,354.989990
1929,359.000000
1930,359.989990
1931,355.239990
1932,348.670013
1933,335.220001
1934,337.750000
1935,336.369995
1936,332.500000
1937,333.299988
1938,328.489990
1939,347.209991
1940,347.209991
1941,339.809998
1942,332.850006
1943,327.399994
1944,320.750000
1945,316.250000
1946,322.440002
1947,318.820007
1948,311.250000
1949,307.589996
1950,304.269989
1951,268.679993
1952,270.959991
1953,260.329987
1954,273.350006
1955,288.369995
1956,306.260010
1957,309.279999
1958,309.500000
1959,307.100006
1960,308.980011
1961,303.950012
1962,303.950012
1963,299.660004
1964,292.170013
1965,300.239990
1966,301.010010
1967,299.980011
1968,291.619995
1969,287.089996
1970,285.160004
1971,285.790009
1972,294.470001
1973,298.730011
1974,300.820007
1975,306.850006
1976,288.040009
1977,296.859985
1978,305.959991
1979,307.750000
1980,307.010010
1981,312.989990
1982,308.880005
1983,304.940002
1984,286.959991
1985,288.809998
1986,289.190002
1987,284.649994
1988,291.489990
1989,288.000000
1990,279.910004
1991,281.109985
1992,279.640015
1993,286.500000
1994,295.010010
1995,290.369995
1996,291.950012
1997,299.000000
1998,297.799988
1999,322.170013
2000,330.000000
2001,324.480011
2002,334.660004
2003,354.970001
2004,347.200012
2005,358.750000
2006,364.670013
2007,373.730011
2008,370.000000
2009,364.380005
2010,366.209991
2011,352.250000
2012,338.470001
2013,343.549988
2014,350.790009
2015,357.019989
2016,353.859985
2017,364.779999
2018,332.489990
2019,314.390015
2020,312.070007
2021,318.519989
2022,327.679993
2023,321.940002
2024,323.230011
2025,319.579987
2026,315.160004
2027,324.739990
2028,325.500000
2029,323.540009
2030,323.239990
2031,305.500000
2032,307.720001
2033,309.619995
2034,310.700012
2035,307.690002
2036,296.100006
2037,298.320007
2038,303.000000
2039,349.989990
2040,355.000000
2041,354.980011
2042,387.459991
2043,382.640015
2044,367.010010
2045,360.000000
2046,363.190002
2047,359.200012
2048,344.489990
2049,342.279999
2050,326.769989
2051,308.500000
2052,324.790009
2053,323.880005
2054,327.320007
2055,323.850006
2056,322.440002
2057,318.880005
2058,311.850006
2059,304.600006
2060,305.309998
2061,298.190002
2062,286.779999
2063,291.170013
2064,268.350006
2065,286.029999
2066,282.000000
2067,292.500000
2068,295.000000
2069,297.329987
2070,300.869995
2071,302.640015
2072,300.000000
2073,305.980011
2074,300.579987
2075,303.000000
2076,304.600006
2077,313.890015
2078,314.959991
2079,278.000000
2080,311.440002
2081,316.839996
2082,304.600006
2083,294.000000
2084,274.880005
2085,267.760010
2086,266.769989
2087,265.510010
2088,262.250000
2089,261.989990
2090,263.279999
2091,277.380005
2092,282.700012
2093,271.000000
2094,269.660004
2095,261.859985
2096,297.929993
2097,304.440002
2098,321.000000
2099,339.899994
2100,347.160004
2101,337.899994
2102,342.000000
2103,347.839996
2104,349.200012
2105,343.959991
2106,348.799988
2107,351.179993
2108,357.579987
2109,354.000000
2110,349.779999
2111,344.700012
2112,347.109985
2113,348.579987
2114,355.700012
2115,366.750000
2116,349.799988
2117,353.100006
2118,337.500000
2119,346.220001
2120,346.959991
2121,348.279999
2122,347.500000
2123,351.600006
2124,366.000000
2125,368.679993
2126,367.380005
2127,379.489990
2128,365.980011
2129,372.170013
2130,371.910004
2131,377.440002
2132,377.869995
2133,365.700012
2134,351.549988
2135,347.010010
2136,330.290009
2137,323.470001
2138,314.500000
2139,326.970001
2140,322.170013
2141,336.239990
2142,339.209991
2143,315.130005
2144,309.399994
2145,318.000000
2146,336.739990
2147,344.010010
2148,343.500000
2149,345.390015
2150,348.410004
2151,342.500000
2152,348.799988
2153,352.000000
2154,351.500000
2155,327.130005
2156,308.000000
2157,294.500000
2158,293.679993
2159,298.519989
2160,297.459991